ranking,sub_name,suscriber_count
1,funny,19303751
2,AskReddit,19045538
3,todayilearned,18663918
4,worldnews,18553271
5,science,18536216
6,pics,18480908
7,gaming,17948898
8,IAmA,17888169
9,videos,17617423
10,movies,17413677
11,aww,16970879
12,Music,16741420
13,blog,16389004
14,gifs,15999902
15,news,15915364
16,explainlikeimfive,15462651
17,askscience,15359397
18,EarthPorn,15116843
19,books,14422716
20,television,14397736
21,mildlyinteresting,14141483
22,LifeProTips,13997783
23,Showerthoughts,13901255
24,space,13725150
25,DIY,13570142
26,Jokes,13480233
27,gadgets,13348214
28,nottheonion,13305046
29,sports,13233002
30,tifu,13177485
31,food,13161560
32,photoshopbattles,13052082
33,Documentaries,13004140
34,dataisbeautiful,12953332
35,Futurology,12942074
36,UpliftingNews,12940639
37,history,12931426
38,GetMotivated,12913109
39,listentothis,12901350
40,personalfinance,12848237
41,OldSchoolCool,12755348
42,Art,12687718
43,philosophy,12676086
44,WritingPrompts,12208021
45,nosleep,12203600
46,creepy,12157022
47,TwoXChromosomes,11640144
48,Fitness,6345919
49,technology,6074773
50,WTF,5089772
51,bestof,4875099
52,AdviceAnimals,4600218
53,politics,3774241
54,atheism,2160810
55,interestingasfuck,2046084
56,woahdude,1711231
57,europe,1692228
58,BlackPeopleTwitter,1593521
59,oddlysatisfying,1515268
60,leagueoflegends,1418922
61,gonewild,1409221
62,reactiongifs,1389189
63,pcmasterrace,1380829
64,wholesomememes,1345088
65,gameofthrones,1287849
66,Unexpected,1265109
67,facepalm,1213277
68,Overwatch,1187928
69,lifehacks,1144396
70,Android,1127732
71,trees,1122215
72,me_irl,1110884
73,relationships,1099398
74,Games,1056512
75,nba,1052974
76,Whatcouldgowrong,1038975
77,programming,1032059
78,NatureIsFuckingLit,1020909
79,dankmemes,995706
80,tattoos,992141
81,memes,979421
82,CrappyDesign,979018
83,nsfw,925968
84,malefashionadvice,917585
85,soccer,913899
86,travel,910836
87,cringepics,908519
88,comics,896324
89,sex,896096
90,pokemon,895280
91,AnimalsBeingJerks,895229
92,NSFW_GIF,890835
93,HistoryPorn,884658
94,4chan,883737
95,mildlyinfuriating,872719
96,Tinder,864180
97,RealGirls,863878
98,StarWars,862631
99,buildapc,859552
100,Frugal,859360
101,FoodPorn,854399
102,instant_regret,847159
103,GifRecipes,846720
104,OutOfTheLoop,840008
105,PS4,836723
106,AnimalsBeingBros,819271
107,Eyebleach,813758
108,loseit,804074
109,Bitcoin,802736
110,YouShouldKnow,783433
111,pokemongo,780427
112,nonononoyes,777911
113,trippinthroughtime,777538
114,RoastMe,774837
115,rickandmorty,768507
116,ImGoingToHellForThis,767589
117,HighQualityGifs,766151
118,hiphopheads,766089
119,wheredidthesodago,765076
120,nfl,764494
121,AskHistorians,739741
122,cringe,738649
123,RoomPorn,719365
124,Cooking,715539
125,FiftyFifty,710338
126,dadjokes,703911
127,xboxone,695576
128,hearthstone,683174
129,trashy,682993
130,holdmybeer,681027
131,baseball,673498
132,Damnthatsinteresting,669223
133,quityourbullshit,664803
134,EatCheapAndHealthy,664578
135,youtubehaiku,661725
136,anime,659669
137,iamverysmart,655561
138,hmmm,654117
139,CryptoCurrency,653165
140,bodyweightfitness,650875
141,cats,650683
142,PeopleFuckingDying,643123
143,apple,633604
144,humor,633278
145,GlobalOffensive,631774
146,itookapicture,626795
147,conspiracy,621949
148,scifi,620511
149,holdthemoan,618330
150,BetterEveryLoop,616962
151,pcgaming,614592
152,Wellthatsucks,614303
153,MovieDetails,603450
154,The_Donald,599544
155,thatHappened,598346
156,streetwear,594076
157,comicbooks,590322
158,Minecraft,588340
159,AbandonedPorn,587529
160,boardgames,586031
161,oldpeoplefacebook,580190
162,freebies,577810
163,shittyaskscience,573278
164,howto,573030
165,rarepuppers,572614
166,keto,567897
167,educationalgifs,566523
168,woodworking,566505
169,wow,566014
170,BikiniBottomTwitter,565330
171,PUBATTLEGROUNDS,563511
172,nevertellmetheodds,563486
173,MadeMeSmile,562988
174,NintendoSwitch,559131
175,reallifedoodles,558293
176,AskMen,555852
177,NetflixBestOf,555457
178,changemyview,552525
179,PrequelMemes,551087
180,cars,548706
181,photography,548305
182,MealPrepSunday,545110
183,hockey,544191
184,gardening,543428
185,learnprogramming,541812
186,spaceporn,541628
187,BeAmazed,538820
188,ChildrenFallingOver,536932
189,AskWomen,536354
190,iphone,533755
191,PerfectTiming,532468
192,slowcooking,531080
193,BustyPetite,528156
194,MakeupAddiction,527246
195,blackmagicfuckery,527116
196,GameDeals,524123
197,JusticePorn,519807
198,HumansBeingBros,517330
199,investing,513102
200,battlestations,512723
201,recipes,511927
202,DunderMifflin,511516
203,FortNiteBR,511377
204,DestinyTheGame,509991
205,relationship_advice,509198
206,therewasanattempt,508615
207,talesfromtechsupport,505444
208,frugalmalefashion,505430
209,MMA,503191
210,ProgrammerHumor,501991
211,madlads,501825
212,NoStupidQuestions,500395
213,SkincareAddiction,500089
214,skyrim,495774
215,MemeEconomy,493506
216,natureismetal,492921
217,Steam,488588
218,offmychest,487285
219,nsfw_gifs,484878
220,nintendo,484436
221,DnD,482645
222,AnimalsBeingDerps,482210
223,nononono,481580
224,ATBGE,477354
225,GamePhysics,476126
226,gentlemanboners,475464
227,ContagiousLaughter,472994
228,whatisthisthing,467571
229,dogs,466658
230,thewalkingdead,464092
231,confession,462050
232,insanepeoplefacebook,461683
233,youseeingthisshit,459805
234,urbanexploration,458433
235,MurderedByWords,453974
236,firstworldanarchists,453283
237,wallpapers,452339
238,FanTheories,449058
239,geek,448618
240,MapPorn,447194
241,WhitePeopleTwitter,445354
242,starterpacks,445194
243,OSHA,444613
244,Roadcam,444021
245,Economics,443977
246,Amateur,442551
247,niceguys,432758
248,femalefashionadvice,431989
249,BuyItForLife,430863
250,math,430589
251,KenM,429536
252,entertainment,429309
253,thisismylifenow,427736
254,asoiaf,426588
255,Awwducational,424785
256,cumsluts,424212
257,meirl,423230
258,TalesFromRetail,422056
259,DotA2,421968
260,LearnUselessTalents,420198
261,UNBGBBIIVCHIDCTIICBG,419955
262,savedyouaclick,418563
263,harrypotter,414639
264,OopsDidntMeanTo,413888
265,CampingandHiking,413598
266,electronicmusic,410436
267,teenagers,409756
268,CozyPlaces,408475
269,writing,408000
270,running,405836
271,wallpaper,405245
272,UnethicalLifeProTips,404375
273,TrueReddit,404355
274,raspberry_pi,402998
275,polandball,402159
276,Entrepreneur,401227
277,PetiteGoneWild,401156
278,Drugs,399665
279,olympics,398152
280,motorcycles,397926
281,shutupandtakemymoney,397614
282,business,396289
283,TumblrInAction,395810
284,ProRevenge,394411
285,Fallout,392966
286,shittyfoodporn,390213
287,GirlsFinishingTheJob,389144
288,RocketLeague,388983
289,pettyrevenge,388899
290,nostalgia,386791
291,environment,385834
292,legaladvice,385596
293,TrollXChromosomes,385514
294,ExpectationVsReality,384220
295,Sneakers,384129
296,MaliciousCompliance,383382
297,Justrolledintotheshop,382737
298,ArtisanVideos,380605
299,whitepeoplegifs,380054
300,babyelephantgifs,378581
301,CFB,377186
302,DoesAnybodyElse,375445
303,westworld,374430
304,progresspics,373005
305,calvinandhobbes,372590
306,evilbuildings,372554
307,StartledCats,371423
308,ass,369753
309,ANormalDayInRussia,369559
310,QuotesPorn,369428
311,JusticeServed,368768
312,guns,368200
313,IdiotsFightingThings,367245
314,DeepIntoYouTube,366044
315,breakingbad,365093
316,financialindependence,365030
317,ShittyLifeProTips,364994
318,AccidentalRenaissance,364753
319,PoliticalHumor,364558
320,chemicalreactiongifs,364288
321,outside,364048
322,UnresolvedMysteries,363963
323,Guitar,363421
324,Rainbow6,363176
325,justneckbeardthings,363072
326,coolguides,362981
327,blunderyears,362453
328,AsiansGoneWild,361388
329,offbeat,360694
330,carporn,358486
331,socialskills,358398
332,buildapcsales,358284
333,psychology,358049
334,ofcoursethatsathing,357884
335,canada,357695
336,assholedesign,357322
337,standupshots,356970
338,ColorizedHistory,356017
339,porninfifteenseconds,354455
340,h3h3productions,353988
341,backpacking,352870
342,ethereum,352753
343,tipofmytongue,352474
344,CasualConversation,352223
345,zelda,351970
346,LegalTeens,351564
347,HomeImprovement,351491
348,DesignPorn,350839
349,SubredditDrama,349738
350,bodybuilding,348443
351,INEEEEDIT,348074
352,freefolk,347891
353,Cinemagraphs,347630
354,everymanshouldknow,347154
355,adorableporn,347067
356,depression,346213
357,southpark,345698
358,youdontsurf,344611
359,creepyPMs,343721
360,watchpeopledie,343351
361,Astronomy,341032
362,LetsNotMeet,339805
363,milf,339669
364,CringeAnarchy,339588
365,rule34,339120
366,IASIP,339091
367,PenmanshipPorn,338537
368,iamverybadass,338530
369,WatchPeopleDieInside,337860
370,beta,337580
371,SquaredCircle,335565
372,beer,334971
373,IWantToLearn,334256
374,Celebs,332672
375,greentext,332339
376,FellowKids,331920
377,2meirl4meirl,329974
378,horror,329455
379,CrazyIdeas,329198
380,tumblr,328083
381,CityPorn,326408
382,DiWHY,326362
383,Marvel,326332
384,OnOff,326266
385,Physics,325690
386,formula1,325531
387,lego,323789
388,Justfuckmyshitup,323255
389,marvelstudios,323117
390,BiggerThanYouThought,322505
391,PublicFreakout,322381
392,corgi,320774
393,SweatyPalms,320453
394,shittyrobots,319736
395,Boobies,319244
396,holdmycosmo,318950
397,WhyWereTheyFilming,318696
398,ChoosingBeggars,317887
399,foodhacks,316542
400,NotMyJob,316393
401,web_design,315571
402,HappyEmbarrassedGirls,314088
403,NoFap,313785
404,Design,313101
405,jailbreak,312805
406,WatchItForThePlot,312789
407,hacking,311713
408,CatastrophicFailure,311064
409,Twitch,310217
410,ThriftStoreHauls,308920
411,StrangerThings,308006
412,de_IAmA,307935
413,fantasyfootball,307479
414,circlejerk,307202
415,blackpeoplegifs,307044
416,futurama,304481
417,theydidthemath,304237
418,worldpolitics,303687
419,getdisciplined,303660
420,likeus,302640
421,NSFWFunny,301529
422,boottoobig,300221
423,60fpsporn,298103
424,linux,297813
425,homemadexxx,297612
426,sadcringe,297232
427,Shitty_Car_Mods,297136
428,pawg,295692
429,doctorwho,294956
430,powerwashingporn,293917
431,minimalism,293107
432,combinedgifs,292910
433,mechanical_gifs,292228
434,dirtysmall,291141
435,NSFW_Snapchat,290939
436,WeAreTheMusicMakers,287959
437,TittyDrop,287471
438,vinyl,287351
439,softwaregore,287121
440,DepthHub,287110
441,Fantasy,286112
442,drawing,286095
443,LipsThatGrip,285115
444,surrealmemes,284046
445,indianpeoplefacebook,282856
446,Perfectfit,281787
447,fakehistoryporn,281762
448,LateStageCapitalism,281466
449,WeWantPlates,280721
450,Meditation,280308
451,girlsinyogapants,279915
452,yesyesyesyesno,279554
453,PewdiepieSubmissions,279357
454,kpop,279230
455,collegesluts,278635
456,StoppedWorking,278125
457,howtonotgiveafuck,278104
458,MorbidReality,277808
459,TheSilphRoad,277634
460,celebnsfw,277610
461,DeepFriedMemes,277209
462,shittyreactiongifs,275496
463,Parenting,274483
464,Watches,274220
465,manga,273831
466,smashbros,273818
467,ScottishPeopleTwitter,273150
468,seduction,273076
469,nsfwhardcore,273007
470,Filmmakers,272337
471,dankchristianmemes,271552
472,cosplaygirls,270219
473,MachineLearning,269987
474,thalassophobia,269357
475,gonewildcurvy,268199
476,Zoomies,267653
477,gifsthatkeepongiving,265842
478,Health,264466
479,DadReflexes,263292
480,ComedyCemetery,262736
481,subredditoftheday,261670
482,MechanicalKeyboards,261374
483,TheRedPill,261236
484,PoliticalDiscussion,261084
485,graphic_design,259546
486,bicycling,259414
487,indieheads,259137
488,MURICA,258485
489,totallynotrobots,258175
490,malelivingspace,258095
491,netflix,257253
492,asstastic,256403
493,techsupportgore,256292
494,xxfitness,256057
495,gatekeeping,255979
496,crappyoffbrands,255684
497,hardware,255611
498,Pareidolia,254925
499,gamedev,254762
500,worldbuilding,254670
501,crafts,253912
502,startups,253837
503,FloridaMan,253455
504,EmpireDidNothingWrong,253358
505,truegaming,253107
506,Blowjobs,252405
507,nasa,252227
508,PandR,251546
509,im14andthisisdeep,251513
510,google,251475
511,AMA,250903
512,spacex,248463
513,netsec,248317
514,wallstreetbets,248313
515,beermoney,247918
516,teslamotors,246811
517,CollegeBasketball,246774
518,disneyvacation,246738
519,CatsStandingUp,246352
520,javascript,246154
521,perfectloops,244590
522,raisedbynarcissists,244219
523,palegirls,243622
524,TrollYChromosome,243048
525,fullmoviesonyoutube,242687
526,3DS,242631
527,SubredditSimulator,242366
528,magicTCG,242288
529,KerbalSpaceProgram,241631
530,self,241519
531,dating_advice,240996
532,Metal,240657
533,AnimalTextGifs,239985
534,ActLikeYouBelong,239093
535,Bossfight,237667
536,sysadmin,237540
537,Python,235731
538,Cyberpunk,235518
539,LivestreamFail,235098
540,Prematurecelebration,235080
541,IDontWorkHereLady,234256
542,nsfwcosplay,233781
543,fo4,233593
544,civ,233045
545,redditgetsdrawn,232897
546,stocks,232302
547,curvy,231768
548,ThingsCutInHalfPorn,231641
549,holdmyjuicebox,231415
550,GWCouples,231256
551,pornvids,230826
552,childfree,230150
553,happy,228818
554,TheLastAirbender,228659
555,trashyboners,228529
556,hentai,227850
557,Glitch_in_the_Matrix,227749
558,cordcutters,227676
559,nbastreams,227379
560,biology,226791
561,StraightGirlsPlaying,225918
562,anime_irl,225893
563,Simulated,225726
564,NeutralPolitics,225531
565,audiophile,223812
566,holdmyfries,222999
567,aviation,222343
568,freeuse,222235
569,AccidentalWesAnderson,221934
570,camping,221794
571,techsupport,221273
572,redheads,220823
573,britishproblems,219957
574,ketorecipes,219950
575,thick,219878
576,somethingimade,218726
577,Foodforthought,218380
578,edmproduction,218302
579,AsianHotties,218246
580,Homebrewing,218124
581,RetroFuturism,217870
582,Libertarian,217811
583,misleadingthumbnails,217285
584,drunk,217188
585,ginger,217132
586,jesuschristreddit,216522
587,juicyasians,216109
588,GirlswithGlasses,215996
589,FunnyandSad,215983
590,witcher,215645
591,rage,215422
592,theocho,215130
593,FestivalSluts,214404
594,webdev,214119
595,wikipedia,213067
596,TinyTits,212613
597,SandersForPresident,212586
598,gonewildstories,211053
599,australia,211037
600,soccerstreams,210560
601,tippytaps,210336
602,TheDepthsBelow,210243
603,podcasts,208934
604,Survival,208574
605,MonsterHunter,208308
606,workgonewild,207665
607,literature,207610
608,TheSimpsons,207007
609,holdmyredbull,206676
610,GoneWildTube,206596
611,EngineeringPorn,206543
612,thenetherlands,206463
613,chemistry,206176
614,lgbt,205470
615,privacy,204700
616,astrophotography,204294
617,starcraft,204185
618,mac,204081
619,ArchitecturePorn,203917
620,rpg,203672
621,2007scape,203213
622,dogpictures,202971
623,wiiu,202729
624,IdiotsInCars,202578
625,AsianBeauty,202423
626,battlefield_one,202388
627,lotr,202233
628,homestead,202055
629,JUSTNOMIL,202023
630,cosplay,201883
631,solotravel,201595
632,dank_meme,200738
633,dontdeadopeninside,200478
634,nflstreams,200000
635,btc,199095
636,fatlogic,198958
637,shortscarystories,198797
638,Graffiti,198615
639,litecoin,197717
640,delusionalartists,197716
641,sweden,197609
642,tf2,197335
643,confusing_perspective,196748
644,tightdresses,196402
645,ArcherFX,196368
646,TrumpCriticizesTrump,196301
647,hiking,195899
648,ArtefactPorn,195862
649,WhatsWrongWithYourDog,194695
650,hitmanimals,194563
651,notinteresting,194157
652,roosterteeth,193931
653,WatchandLearn,193816
654,rearpussy,193805
655,Coffee,193676
656,Piracy,193618
657,nutrition,193613
658,wifesharing,193483
659,PrettyGirls,193450
660,heroesofthestorm,193441
661,LucidDreaming,192982
662,batman,192834
663,unitedkingdom,192671
664,LadyBoners,192277
665,patientgamers,192033
666,anal,191461
667,gwcumsluts,191216
668,pussy,191121
669,GrandTheftAutoV,191029
670,lesbians,191007
671,darksouls3,190862
672,4PanelCringe,190730
673,grool,190323
674,outrun,189989
675,EDM,189883
676,TheWayWeWere,189791
677,Hotchickswithtattoos,189780
678,DecidingToBeBetter,189644
679,ExposurePorn,188559
680,france,188223
681,ImaginaryLandscapes,187982
682,productivity,187712
683,Paranormal,187573
684,mashups,186873
685,TopGear,186553
686,vegan,186157
687,ethtrader,185845
688,Ripple,185303
689,quiver,184587
690,MachinePorn,184378
691,FreeEBOOKS,183479
692,SketchDaily,182186
693,firstworldproblems,181280
694,facedownassup,180651
695,climbing,180552
696,3Dprinting,180366
697,woof_irl,180183
698,classicalmusic,179511
699,ClashRoyale,179335
700,WastedGifs,179274
701,engineering,179190
702,gamernews,178685
703,specializedtools,178594
704,bonehurtingjuice,178531
705,adventuretime,178286
706,porn_gifs,178206
707,Breath_of_the_Wild,177798
708,randomsexiness,177288
709,gonewildaudio,176457
710,DCcomics,175944
711,MensRights,175716
712,MostBeautiful,175619
713,ArtPorn,175597
714,HumanPorn,175417
715,SequelMemes,175416
716,StardewValley,174444
717,vandwellers,174427
718,pussypassdenied,173592
719,suicidegirls,173469
720,2healthbars,173453
721,O_Faces,173357
722,ffxiv,173261
723,MilitaryPorn,171868
724,MyPeopleNeedMe,171852
725,Guildwars2,171446
726,gif,171274
727,dogswithjobs,171241
728,community,170818
729,halo,169750
730,Unashamed,169462
731,burstingout,169443
732,ShouldIbuythisgame,169419
733,breathinginformation,169393
734,whowouldwin,168906
735,ADHD,168817
736,blackmirror,168790
737,medicine,168358
738,Diablo,168084
739,1200isplenty,167930
740,jobs,167390
741,WeatherGifs,167348
742,altgonewild,166537
743,Superbowl,166348
744,bodyperfection,166346
745,Warframe,166136
746,Anxiety,165795
747,Stacked,165617
748,snowboarding,165547
749,NSFW_HTML5,165323
750,ImaginaryMonsters,165191
751,birdswitharms,165011
752,EDC,164414
753,Frisson,163601
754,porn,163600
755,brasil,163525
756,PropagandaPosters,162812
757,mealtimevideos,162262
758,datgap,162232
759,rupaulsdragrace,161837
760,dbz,161700
761,Competitiveoverwatch,161168
762,IWantOut,160720
763,forwardsfromgrandma,160631
764,classic4chan,159905
765,ireland,159843
766,darksouls,159795
767,Baking,159391
768,headphones,158355
769,startrek,158350
770,hardcoreaww,157745
771,Autos,157274
772,tipofmypenis,157068
773,pathofexile,156957
774,raining,156903
775,catpranks,156824
776,gettingherselfoff,156594
777,Hotwife,156318
778,nsfwoutfits,156216
779,summonerschool,156140
780,Fishing,156114
781,HighResNSFW,156065
782,AskOuija,155732
783,OnePiece,154912
784,quotes,154613
785,electronic_cigarette,154479
786,NSFW411,154414
787,cscareerquestions,153985
788,Boxing,153911
789,CombatFootage,153675
790,BeforeNAfterAdoption,153539
791,r4r,153481
792,photocritique,152955
793,Screenwriting,152629
794,LSD,152176
795,Psychonaut,151763
796,FORTnITE,151628
797,homeautomation,151468
798,masseffect,151456
799,asmr,151139
800,yoga,151039
801,analog,150713
802,finance,150325
803,vexillology,150270
804,FIFA,150198
805,AntiJokes,149997
806,CuteModeSlutMode,149630
807,skateboarding,149521
808,gamegrumps,149455
809,beards,148808
810,hugeboobs,148790
811,Badfaketexts,148783
812,gonewild30plus,148773
813,arresteddevelopment,148345
814,creampies,148237
815,CitiesSkylines,148210
816,creepyasterisks,148167
817,yesyesyesno,147818
818,Blep,147804
819,GWNerdy,147158
820,StarWarsBattlefront,146596
821,fitgirls,146147
822,Christianity,146066
823,BigBoobsGW,145628
824,Sneks,145598
825,digitalnomad,145333
826,terriblefacebookmemes,145272
827,awwwtf,145066
828,AdrenalinePorn,144938
829,whenitgoesin,144130
830,suggestmeabook,144075
831,wholesomebpt,143809
832,trebuchetmemes,143504
833,Philippines,143340
834,gundeals,143087
835,jilling,142903
836,skiing,142617
837,holdmycatnip,142398
838,boobbounce,142125
839,theratio,142093
840,lewronggeneration,141805
841,TrueFilm,141175
842,nyc,141101
843,AskCulinary,140927
844,answers,140746
845,Naruto,140227
846,nsfw2,140213
847,PUBG,140045
848,webcomics,140032
849,NSFW_Japan,140028
850,hardbodies,139657
851,simps,139392
852,newzealand,139080
853,casualiama,139062
854,RandomActsOfBlowJob,138870
855,VaporwaveAesthetics,138631
856,Upskirt,138622
857,GoneMild,138337
858,CryptoMarkets,138146
859,elderscrollsonline,138026
860,BoJackHorseman,137627
861,instantkarma,137440
862,gonewildcolor,137228
863,gainit,137203
864,funhaus,137040
865,Idubbbz,136867
866,toosoon,136668
867,youtube,136643
868,destiny2,136478
869,Buddhism,136322
870,Moviesinthemaking,136163
871,apolloapp,136069
872,thedivision,135679
873,HadToHurt,135597
874,bertstrips,135505
875,wowthissubexists,135472
876,SheLikesItRough,135457
877,BonerMaterial,135176
878,socialism,134637
879,beetlejuicing,134237
880,ihavesex,133806
881,popping,133518
882,Nootropics,133486
883,NoMansSkyTheGame,132987
884,Aquariums,132798
885,Military,132788
886,badtattoos,132185
887,TalesFromYourServer,132133
888,HailCorporate,132052
889,MrRobot,131697
890,wtfstockphotos,131578
891,OverwatchUniversity,130874
892,Conservative,130755
893,SexInFrontOfOthers,130655
894,Outdoors,130541
895,restofthefuckingowl,130441
896,ukpolitics,130110
897,succulents,129588
898,architecture,129023
899,tech,129022
900,CollegeAmateurs,128957
901,amateurcumsluts,128957
902,mallninjashit,128947
903,golf,128809
904,TrueAskReddit,128429
905,Bondage,127876
906,puns,127842
907,funsized,127616
908,Monero,127405
909,radiohead,127253
910,CatTaps,127107
911,Terraria,126869
912,Bad_Cop_No_Donut,126717
913,GoneWildPlus,126677
914,wholesomegifs,126555
915,JapanTravel,126298
916,copypasta,125935
917,mildlypenis,125725
918,EliteDangerous,125459
919,starcitizen,125290
920,knitting,125206
921,bestoflegaladvice,125192
922,darkjokes,125139
923,MEOW_IRL,125116
924,cumfetish,124872
925,weightroom,124865
926,montageparodies,124774
927,Kanye,124770
928,TooMeIrlForMeIrl,124686
929,InteriorDesign,124465
930,YouSeeComrade,124369
931,JoeRogan,124085
932,thegrandtour,123769
933,fakealbumcovers,123761
934,Exxxtras,123761
935,androidapps,123700
936,AmateurRoomPorn,123230
937,absolutelynotme_irl,123031
938,JiggleFuck,122989
939,betterCallSaul,122423
940,lastimages,122423
941,CasualUK,122169
942,india,122123
943,AccidentalComedy,121863
944,SexyFrex,121845
945,realasians,121520
946,antiMLM,121336
947,Gonewild18,121044
948,selfimprovement,120959
949,churning,120724
950,StonerEngineering,120457
951,cableporn,120435
952,knives,120416
953,boltedontits,120221
954,HugeDickTinyChick,120185
955,budgetfood,120039
956,fatpeoplestories,119944
957,Pizza,119640
958,AndroidGaming,119500
959,girlskissing,119482
960,gifsgonewild,119407
961,singapore,119317
962,diablo3,119291
963,AnimalCrossing,119275
964,svenskpolitik,119243
965,findareddit,119168
966,marijuanaenthusiasts,119160
967,homegrowntits,119127
968,ClashOfClans,118900
969,techsupportmacgyver,118872
970,WouldYouFuckMyWife,118820
971,Innie,118494
972,Smite,118268
973,swedishproblems,118208
974,runescape,118195
975,FashionReps,118147
976,bdsm,118057
977,Punny,117896
978,Animemes,117816
979,learnpython,117695
980,NHLStreams,117572
981,smallbusiness,117419
982,TinyHouses,117419
983,AnalGW,117378
984,languagelearning,117322
985,BitcoinMarkets,117260
986,deepthroat,116967
987,musictheory,116940
988,dogecoin,116667
989,japan,116642
990,Amd,116616
991,simpleliving,116442
992,Nsfw_Amateurs,116374
993,stevenuniverse,116262
994,Windows10,116218
995,dirtypenpals,116151
996,dirtyr4r,115688
997,linguistics,115631
998,GlobalOffensiveTrade,115583
999,Seattle,115358
1000,WWII,115187
